{"stat.useItem.minecraft.lapis_block":1,"stat.walkOneCm":388050,"stat.useItem.minecraft.iron_axe":1,"stat.leaveGame":73,"stat.pickup.minecraft.lapis_block":1,"stat.useItem.minecraft.clay":3,"stat.jump":281,"stat.pickup.mbm.glass_slope":27,"stat.climbOneCm":816,"stat.fallOneCm":209,"stat.useItem.mbm.stone_slope":247,"stat.drop.mbm.stone_slope":9,"stat.pickup.minecraft.stone":1,"stat.crouchOneCm":9710,"stat.useItem.minecraft.dirt":82,"stat.sprintOneCm":15635,"stat.useItem.minecraft.diamond_shovel":5,"stat.useItem.minecraft.stone_slab2":2892,"stat.useItem.mbm.glass_slope":25,"stat.pickup.mbm.stone_slope":269,"stat.pickup.minecraft.snow":1,"stat.pickup.minecraft.grass":2,"stat.useItem.minecraft.golden_pickaxe":5,"stat.useItem.minecraft.diamond_pickaxe":33,"stat.useItem.minecraft.wooden_pickaxe":2,"stat.drop.mbm.glass_slope":15,"stat.noteblockTuned":9,"stat.flyOneCm":47646,"stat.drop":30,"stat.playOneMinute":491987,"stat.drop.minecraft.snow":1,"stat.useItem.minecraft.stone_pickaxe":1,"stat.sneakTime":4494,"stat.timeSinceDeath":491987,"stat.useItem.minecraft.iron_pickaxe":2,"stat.drop.minecraft.grass":2}