{"stat.useItem.minecraft.lapis_block":1,"stat.walkOneCm":597078,"stat.useItem.minecraft.iron_axe":1,"stat.leaveGame":84,"stat.pickup.minecraft.diamond_shovel":1,"stat.pickup.minecraft.lapis_block":1,"stat.useItem.minecraft.clay":3,"stat.jump":594,"stat.climbOneCm":816,"stat.fallOneCm":209,"stat.drop.mbm.stone_slope":2,"stat.pickup.minecraft.stone":1,"stat.crouchOneCm":17458,"stat.useItem.minecraft.dirt":83,"stat.pickup.minecraft.dirt":1,"stat.sprintOneCm":47914,"stat.useItem.minecraft.diamond_shovel":10,"stat.useItem.minecraft.stone_slab2":4298,"stat.pickup.mbm.stone_slope":2,"stat.pickup.minecraft.snow":1,"stat.pickup.minecraft.grass":2,"stat.useItem.minecraft.golden_pickaxe":5,"stat.useItem.minecraft.diamond_pickaxe":33,"stat.useItem.minecraft.wooden_pickaxe":2,"stat.noteblockTuned":9,"stat.flyOneCm":123525,"stat.drop":32,"stat.playOneMinute":856195,"stat.drop.minecraft.snow":1,"stat.useItem.minecraft.stone_pickaxe":1,"stat.sneakTime":7270,"stat.timeSinceDeath":856195,"stat.useItem.minecraft.iron_pickaxe":2,"stat.drop.minecraft.grass":2}