{"stat.useItem.minecraft.lapis_block":1,"stat.walkOneCm":390062,"stat.useItem.minecraft.iron_axe":1,"stat.leaveGame":73,"stat.pickup.minecraft.lapis_block":1,"stat.useItem.minecraft.clay":3,"stat.jump":286,"stat.climbOneCm":816,"stat.fallOneCm":209,"stat.pickup.minecraft.stone":1,"stat.crouchOneCm":9739,"stat.useItem.minecraft.dirt":82,"stat.sprintOneCm":15635,"stat.useItem.minecraft.diamond_shovel":5,"stat.useItem.minecraft.stone_slab2":2917,"stat.pickup.minecraft.snow":1,"stat.pickup.minecraft.grass":2,"stat.useItem.minecraft.golden_pickaxe":5,"stat.useItem.minecraft.diamond_pickaxe":33,"stat.useItem.minecraft.wooden_pickaxe":2,"stat.noteblockTuned":9,"stat.flyOneCm":47672,"stat.drop":30,"stat.playOneMinute":494284,"stat.drop.minecraft.snow":1,"stat.useItem.minecraft.stone_pickaxe":1,"stat.sneakTime":4503,"stat.timeSinceDeath":494284,"stat.useItem.minecraft.iron_pickaxe":2,"stat.drop.minecraft.grass":2}