{"stat.useItem.minecraft.lapis_block":1,"stat.walkOneCm":364901,"stat.useItem.mbm.structureblock":10,"stat.leaveGame":65,"stat.pickup.minecraft.lapis_block":1,"stat.useItem.minecraft.clay":3,"stat.jump":257,"stat.pickup.mbm.glass_slope":24,"stat.climbOneCm":816,"stat.useItem.mbm.stone_slope":178,"stat.drop.mbm.stone_slope":6,"stat.crouchOneCm":9686,"stat.useItem.minecraft.dirt":82,"stat.sprintOneCm":12344,"stat.useItem.minecraft.stone_slab2":2792,"stat.useItem.mbm.glass_slope":14,"stat.pickup.mbm.stone_slope":9,"stat.pickup.minecraft.snow":1,"stat.mineBlock.mbm.glass_slope":10,"stat.pickup.mbm.structureblock":1,"stat.pickup.minecraft.grass":2,"stat.useItem.minecraft.golden_pickaxe":1,"stat.useItem.minecraft.diamond_pickaxe":1,"stat.useItem.minecraft.wooden_pickaxe":1,"stat.drop.mbm.glass_slope":14,"stat.noteblockTuned":9,"stat.flyOneCm":44963,"stat.drop":26,"stat.playOneMinute":471300,"stat.drop.minecraft.snow":1,"stat.sneakTime":4446,"stat.timeSinceDeath":471300,"stat.drop.minecraft.grass":2,"stat.mineBlock.mbm.stone_slope":3}