{"stat.useItem.minecraft.lapis_block":1,"stat.walkOneCm":384119,"stat.useItem.minecraft.iron_axe":1,"stat.leaveGame":72,"stat.pickup.minecraft.lapis_block":1,"stat.useItem.minecraft.clay":3,"stat.jump":275,"stat.pickup.mbm.glass_slope":26,"stat.climbOneCm":816,"stat.fallOneCm":209,"stat.useItem.mbm.stone_slope":241,"stat.drop.mbm.stone_slope":9,"stat.pickup.minecraft.stone":1,"stat.crouchOneCm":9691,"stat.useItem.minecraft.dirt":82,"stat.sprintOneCm":15265,"stat.useItem.minecraft.diamond_shovel":5,"stat.useItem.minecraft.stone_slab2":2875,"stat.useItem.mbm.glass_slope":25,"stat.pickup.mbm.stone_slope":269,"stat.pickup.minecraft.snow":1,"stat.mineBlock.mbm.glass_slope":17,"stat.pickup.minecraft.grass":2,"stat.useItem.minecraft.golden_pickaxe":5,"stat.useItem.minecraft.diamond_pickaxe":33,"stat.useItem.minecraft.wooden_pickaxe":2,"stat.drop.mbm.glass_slope":14,"stat.noteblockTuned":9,"stat.flyOneCm":46337,"stat.drop":29,"stat.playOneMinute":490396,"stat.drop.minecraft.snow":1,"stat.useItem.minecraft.stone_pickaxe":1,"stat.sneakTime":4472,"stat.timeSinceDeath":490396,"stat.useItem.minecraft.iron_pickaxe":2,"stat.drop.minecraft.grass":2}